Centro,Tipologia,Id encuesta,Total Encuestas,Total Completas,Total Parciales,Nuevas Completas Hoy,Nuevas Parciales Hoy,Nuevas Completas D-1,Nuevas Parciales D-1,Nuevas Completas D-2,Nuevas Parciales D-2
CEIP PEDRO DE ESTOPIÑÁN,Primaria,296259,221,62,159,0,0,0,0,0,0
CEIP PEDRO DE ESTOPIÑÁN,Secundaria,235855,0,0,0,0,0,0,0,0,0
CEIP PEDRO DE ESTOPIÑÁN,Profesorado,953785,4,2,2,0,0,0,0,0,0
IES JUAN ANTONIO FERNÁNDEZ,Primaria,193835,0,0,0,0,0,0,0,0,0
IES JUAN ANTONIO FERNÁNDEZ,Secundaria,736541,428,362,66,0,0,0,0,0,0
IES JUAN ANTONIO FERNÁNDEZ,Profesorado,596317,51,28,23,0,0,0,0,0,0
CEIP Eduardo González Gallarza,Primaria,129914,129,115,14,0,0,0,0,0,0
CEIP Eduardo González Gallarza,Secundaria,628272,0,0,0,0,0,0,0,0,0
CEIP Eduardo González Gallarza,Profesorado,231888,11,8,3,0,0,0,0,0,0
CEIP EL VELLON ,Primaria,832624,28,27,1,0,0,0,0,0,0
CEIP EL VELLON ,Secundaria,728488,0,0,0,0,0,0,0,0,0
CEIP EL VELLON ,Profesorado,862875,3,3,0,0,0,0,0,0,0
CEIP BUENAVENTURA GONZALEZ,Primaria,347774,147,125,22,0,0,0,0,0,0
CEIP BUENAVENTURA GONZALEZ,Secundaria,281224,0,0,0,0,0,0,0,0,0
CEIP BUENAVENTURA GONZALEZ,Profesorado,353899,24,11,13,0,0,0,0,0,0
IES LOS NAVALMORALES,Primaria,697639,0,0,0,0,0,0,0,0,0
IES LOS NAVALMORALES,Secundaria,877126,52,43,9,0,0,0,0,0,0
IES LOS NAVALMORALES,Profesorado,887698,22,15,7,0,0,0,0,0,0
IES ANDRÉS LAGUNA,Primaria,523743,1,0,1,0,0,0,0,0,0
IES ANDRÉS LAGUNA,Secundaria,774928,316,161,155,0,2,0,7,1,3
IES ANDRÉS LAGUNA,Profesorado,161185,42,25,17,0,0,0,0,0,0
CEIP ÁLVAR FÁÑEZ,Primaria,487768,140,97,43,0,0,0,0,0,0
CEIP ÁLVAR FÁÑEZ,Secundaria,387841,0,0,0,0,0,0,0,0,0
CEIP ÁLVAR FÁÑEZ,Profesorado,239525,40,22,18,0,0,0,0,0,0
CPrFP EDÉN,Primaria,228768,0,0,0,0,0,0,0,0,0
CPrFP EDÉN,Secundaria,659581,56,49,7,0,0,0,0,0,0
CPrFP EDÉN,Profesorado,498768,10,7,3,0,0,0,0,0,0
IES ALONSO DE MADRIGAL,Primaria,692381,0,0,0,0,0,0,0,0,0
IES ALONSO DE MADRIGAL,Secundaria,361672,351,327,24,0,0,0,0,0,0
IES ALONSO DE MADRIGAL,Profesorado,577171,52,35,17,0,0,0,0,0,0
CC SAN JOSE - NIÑO JESUS,Primaria,812524,62,49,13,0,0,0,0,0,0
CC SAN JOSE - NIÑO JESUS,Secundaria,945918,109,88,21,0,0,0,0,0,0
CC SAN JOSE - NIÑO JESUS,Profesorado,726552,1,0,1,0,0,0,0,0,0
IES VASCO DE LA ZARZA,Primaria,739644,0,0,0,0,0,0,0,0,0
IES VASCO DE LA ZARZA,Secundaria,981663,352,314,38,0,0,0,0,0,0
IES VASCO DE LA ZARZA,Profesorado,736542,2,0,2,0,0,0,0,0,0
CEIP NUMANCIA,Primaria,249714,1,0,1,0,0,0,0,0,0
CEIP NUMANCIA,Secundaria,476539,0,0,0,0,0,0,0,0,0
CEIP NUMANCIA,Profesorado,913131,1,0,1,0,0,0,0,0,0
CIFP SIMÓN DE COLONIA,Primaria,763583,0,0,0,0,0,0,0,0,0
CIFP SIMÓN DE COLONIA,Secundaria,251553,71,56,15,0,0,0,0,0,0
CIFP SIMÓN DE COLONIA,Profesorado,298119,21,12,9,0,0,0,0,0,0
CC SAN AGUSTÍN,Primaria,482241,109,87,22,0,0,0,0,0,0
CC SAN AGUSTÍN,Secundaria,554534,353,301,52,0,0,0,0,0,0
CC SAN AGUSTÍN,Profesorado,466476,47,32,15,0,0,0,0,0,0
IES LOS SALADOS,Primaria,737618,0,0,0,0,0,0,0,0,0
IES LOS SALADOS,Secundaria,773432,49,34,15,0,0,0,0,0,0
IES LOS SALADOS,Profesorado,196376,5,4,1,0,0,0,0,0,0
IES José del Campo,Primaria,663965,0,0,0,0,0,0,0,0,0
IES José del Campo,Secundaria,276426,347,263,84,0,0,0,0,0,0
IES José del Campo,Profesorado,727766,14,10,4,0,0,0,0,0,0
IES LAS SALINAS,Primaria,542764,0,0,0,0,0,0,0,0,0
IES LAS SALINAS,Secundaria,951831,239,201,38,0,0,0,0,0,0
IES LAS SALINAS,Profesorado,511246,17,9,8,0,0,0,0,0,0
CEIP HERMANOS TORA,Primaria,725919,127,118,9,0,0,0,0,0,0
CEIP HERMANOS TORA,Secundaria,937246,0,0,0,0,0,0,0,0,0
CEIP HERMANOS TORA,Profesorado,718979,30,23,7,0,0,0,0,0,0
CPES MENESIANO,Primaria,151494,0,0,0,0,0,0,0,0,0
CPES MENESIANO,Secundaria,576194,185,141,44,0,0,0,0,0,0
CPES MENESIANO,Profesorado,884498,18,18,0,0,0,0,0,0,0
IES COSME GARCÍA,Primaria,326827,0,0,0,0,0,0,0,0,0
IES COSME GARCÍA,Secundaria,992185,359,258,101,0,0,0,0,0,0
IES COSME GARCÍA,Profesorado,376787,47,14,33,0,0,0,0,0,0
CEIP MESTRE DURAN,Primaria,195584,39,36,3,0,0,0,0,0,0
CEIP MESTRE DURAN,Secundaria,711729,0,0,0,0,0,0,0,0,0
CEIP MESTRE DURAN,Profesorado,361412,2,2,0,0,0,0,0,0,0
 IES FEDERICO GARCÍA LORCA,Primaria,813384,0,0,0,0,0,0,0,0,0
 IES FEDERICO GARCÍA LORCA,Secundaria,673715,570,436,134,0,0,0,0,0,0
 IES FEDERICO GARCÍA LORCA,Profesorado,611419,39,22,17,0,0,0,0,0,0
CEIP MAESTRO JUAN MOREJÓN,Primaria,537543,42,36,6,0,0,0,0,0,0
CEIP MAESTRO JUAN MOREJÓN,Secundaria,222773,0,0,0,0,0,0,0,0,0
CEIP MAESTRO JUAN MOREJÓN,Profesorado,581645,2,2,0,0,0,0,0,0,0
 CEIP PINAR HONDO,Primaria,531566,85,74,11,0,0,0,0,0,0
 CEIP PINAR HONDO,Secundaria,282149,0,0,0,0,0,0,0,0,0
 CEIP PINAR HONDO,Profesorado,921964,13,8,5,0,0,0,0,0,0
COLEGIO CLARET ,Primaria,897697,1,0,1,0,0,0,0,0,0
COLEGIO CLARET ,Secundaria,497298,0,0,0,0,0,0,0,0,0
COLEGIO CLARET ,Profesorado,837447,0,0,0,0,0,0,0,0,0
CPEIPS SAGRADO CORAZÓN,Primaria,729157,60,45,15,0,0,0,0,0,0
CPEIPS SAGRADO CORAZÓN,Secundaria,914212,993,824,169,0,0,0,0,0,0
CPEIPS SAGRADO CORAZÓN,Profesorado,787933,153,100,53,0,0,0,0,0,0
IES DOCTOR LLUÍS SIMARRO LACABRA,Primaria,642363,0,0,0,0,0,0,0,0,0
IES DOCTOR LLUÍS SIMARRO LACABRA,Secundaria,473452,278,236,42,0,0,0,0,0,0
IES DOCTOR LLUÍS SIMARRO LACABRA,Profesorado,782998,20,11,9,0,0,0,0,0,0
COLEGIO SAN JOSÉ FUNDACIÓN LOYOLA,Primaria,131371,0,0,0,0,0,0,0,0,0
COLEGIO SAN JOSÉ FUNDACIÓN LOYOLA,Secundaria,566416,0,0,0,0,0,0,0,0,0
COLEGIO SAN JOSÉ FUNDACIÓN LOYOLA,Profesorado,223669,0,0,0,0,0,0,0,0,0
IES PUÇOL ,Primaria,977343,0,0,0,0,0,0,0,0,0
IES PUÇOL ,Secundaria,884549,1040,634,406,0,0,0,0,0,0
IES PUÇOL ,Profesorado,413422,70,45,25,0,0,0,0,0,0
CP FRANCISCO FERNÁNDEZ GONZALEZ,Primaria,973518,18,17,1,0,0,0,0,0,0
CP FRANCISCO FERNÁNDEZ GONZALEZ,Secundaria,813981,0,0,0,0,0,0,0,0,0
CP FRANCISCO FERNÁNDEZ GONZALEZ,Profesorado,261254,1,1,0,0,0,0,0,0,0
CEIP LEÓN FELIPE,Primaria,987788,84,80,4,0,0,0,0,0,0
CEIP LEÓN FELIPE,Secundaria,662688,0,0,0,0,0,0,0,0,0
CEIP LEÓN FELIPE,Profesorado,956858,7,4,3,0,0,0,0,0,0
IES MANUEL SANCHIS GUARNER,Primaria,956551,0,0,0,0,0,0,0,0,0
IES MANUEL SANCHIS GUARNER,Secundaria,962678,326,274,52,0,0,0,0,0,0
IES MANUEL SANCHIS GUARNER,Profesorado,135378,22,12,10,0,0,0,0,0,0
COLEGIO MARISTAS CC VALLISOLETANO,Primaria,783595,135,72,63,0,0,0,0,0,0
COLEGIO MARISTAS CC VALLISOLETANO,Secundaria,414687,292,254,38,0,0,0,0,0,0
COLEGIO MARISTAS CC VALLISOLETANO,Profesorado,491678,57,33,24,0,0,0,0,0,0
CEIP AZAHAR,Primaria,763372,55,24,31,0,0,0,0,0,0
CEIP AZAHAR,Secundaria,811367,0,0,0,0,0,0,0,0,0
CEIP AZAHAR,Profesorado,854193,5,2,3,0,0,0,0,0,0
CEIP VICENTE BLASCO IBÁÑEZ,Primaria,899776,25,25,0,0,0,0,0,0,0
CEIP VICENTE BLASCO IBÁÑEZ,Secundaria,884194,0,0,0,0,0,0,0,0,0
CEIP VICENTE BLASCO IBÁÑEZ,Profesorado,952228,6,6,0,0,0,0,0,0,0
CEIP MIRALVALLE,Primaria,364149,78,71,7,0,0,0,0,0,0
CEIP MIRALVALLE,Secundaria,225675,0,0,0,0,0,0,0,0,0
CEIP MIRALVALLE,Profesorado,953578,2,0,2,0,0,0,0,0,0
COLEGIO NUESTRA SEÑORA DE LA PROVIDENCIA ,Primaria,787721,107,80,27,0,0,0,0,0,0
COLEGIO NUESTRA SEÑORA DE LA PROVIDENCIA ,Secundaria,348226,120,104,16,0,0,0,0,0,0
COLEGIO NUESTRA SEÑORA DE LA PROVIDENCIA ,Profesorado,169538,9,8,1,0,0,0,0,0,0
CPES OTEITZA LIZEOA,Primaria,545196,0,0,0,0,0,0,0,0,0
CPES OTEITZA LIZEOA,Secundaria,996175,75,42,33,0,0,0,0,0,0
CPES OTEITZA LIZEOA,Profesorado,596225,1,1,0,0,0,0,0,0,0
CEIP VALEDEMEMBRA,Primaria,499995,63,34,29,0,0,0,0,0,0
CEIP VALEDEMEMBRA,Secundaria,214173,0,0,0,0,0,0,0,0,0
CEIP VALEDEMEMBRA,Profesorado,834435,5,3,2,0,0,0,0,0,0
IES MAR AZUL,Primaria,485128,0,0,0,0,0,0,0,0,0
IES MAR AZUL,Secundaria,121525,191,112,79,0,0,0,1,0,1
IES MAR AZUL,Profesorado,122528,7,4,3,0,0,0,0,0,0
CEIP VIRGEN DE CRIPTANA,Primaria,797132,40,36,4,0,0,0,0,0,0
CEIP VIRGEN DE CRIPTANA,Secundaria,969597,0,0,0,0,0,0,0,0,0
CEIP VIRGEN DE CRIPTANA,Profesorado,535274,9,6,3,0,0,0,0,0,0
CEIP LOPE DE VEGA,Primaria,479792,158,124,34,0,0,0,1,0,0
CEIP LOPE DE VEGA,Secundaria,695956,0,0,0,0,0,0,0,0,0
CEIP LOPE DE VEGA,Profesorado,344548,5,4,1,0,0,0,0,0,0
IES SIETE COLINAS ,Primaria,592522,0,0,0,0,0,0,0,0,0
IES SIETE COLINAS ,Secundaria,417864,5,0,5,0,0,0,0,0,0
IES SIETE COLINAS ,Profesorado,825947,0,0,0,0,0,0,0,0,0
IES ABYLA,Primaria,811243,0,0,0,0,0,0,0,0,0
IES ABYLA,Secundaria,168262,292,211,81,0,0,0,0,0,0
IES ABYLA,Profesorado,267866,20,12,8,0,0,0,0,0,0
COLEGIO INTERNACIONAL KOLBE,Primaria,514679,112,70,42,0,0,0,0,0,0
COLEGIO INTERNACIONAL KOLBE,Secundaria,191569,315,266,49,0,0,0,0,0,0
COLEGIO INTERNACIONAL KOLBE,Profesorado,529616,28,15,13,0,0,0,0,0,0
CEIP CLARA CAMPOAMOR,Primaria,826267,90,89,1,0,0,0,0,0,0
CEIP CLARA CAMPOAMOR,Secundaria,836197,0,0,0,0,0,0,0,0,0
CEIP CLARA CAMPOAMOR,Profesorado,675474,1,1,0,0,0,0,0,0,0
CPEIP Larraga S. Miguel HLHIP,Primaria,262467,48,35,13,0,0,0,0,0,0
CPEIP Larraga S. Miguel HLHIP,Secundaria,295816,0,0,0,0,0,0,0,0,0
CPEIP Larraga S. Miguel HLHIP,Profesorado,478942,7,4,3,0,0,0,0,0,0
CPEIP AZPILAGAÑA ,Primaria,495512,58,45,13,0,0,0,0,0,0
CPEIP AZPILAGAÑA ,Secundaria,228293,0,0,0,0,0,0,0,0,0
CPEIP AZPILAGAÑA ,Profesorado,152872,21,14,7,0,0,0,0,0,0
CEIP PRÍNCIPE DE ASTURIAS,Primaria,312545,49,47,2,0,0,0,0,0,0
CEIP PRÍNCIPE DE ASTURIAS,Secundaria,679315,0,0,0,0,0,0,0,0,0
CEIP PRÍNCIPE DE ASTURIAS,Profesorado,912212,11,8,3,0,0,0,0,0,0
CPEIPS SANTA MARÍA IKASTETXEA,Primaria,473599,185,158,27,0,0,0,0,0,0
CPEIPS SANTA MARÍA IKASTETXEA,Secundaria,583423,112,82,30,0,0,0,0,0,0
CPEIPS SANTA MARÍA IKASTETXEA,Profesorado,323896,6,6,0,0,0,0,0,0,0
IES Botikazar BHI,Primaria,322275,0,0,0,0,0,0,0,0,0
IES Botikazar BHI,Secundaria,781826,396,303,93,0,0,0,0,0,0
IES Botikazar BHI,Profesorado,487662,25,4,21,0,0,0,0,0,0
CRA ALCIARES,Primaria,521585,50,28,22,0,0,0,0,0,0
CRA ALCIARES,Secundaria,567754,0,0,0,0,0,0,0,0,0
CRA ALCIARES,Profesorado,855543,14,12,2,0,0,0,0,0,0
IES IZPISÚA BELMONTE ,Primaria,112446,1,0,1,0,0,0,0,0,0
IES IZPISÚA BELMONTE ,Secundaria,451812,431,323,108,0,0,0,0,0,0
IES IZPISÚA BELMONTE ,Profesorado,183326,53,37,16,0,0,0,0,0,0
COLEGIO SAN AGUSTÍN,Primaria,225924,235,124,111,0,0,0,0,0,0
COLEGIO SAN AGUSTÍN,Secundaria,118179,775,321,454,0,0,0,0,0,0
COLEGIO SAN AGUSTÍN,Profesorado,133473,39,27,12,0,0,0,0,0,0
CEIP REINA SOFÍA,Primaria,534639,0,0,0,0,0,0,0,0,0
CEIP REINA SOFÍA,Secundaria,696183,0,0,0,0,0,0,0,0,0
CEIP REINA SOFÍA,Profesorado,137392,6,3,3,0,0,0,0,0,0
 IES SENARA,Primaria,838298,0,0,0,0,0,0,0,0,0
 IES SENARA,Secundaria,141981,0,0,0,0,0,0,0,0,0
 IES SENARA,Profesorado,293197,0,0,0,0,0,0,0,0,0
CEIP MESTRE CABALLERO,Primaria,742618,80,74,6,0,0,0,0,0,0
CEIP MESTRE CABALLERO,Secundaria,215924,0,0,0,0,0,0,0,0,0
CEIP MESTRE CABALLERO,Profesorado,771947,2,2,0,0,0,0,0,0,0
CEIP SAN JOSÉ DE CALASANZ,Primaria,871719,97,82,15,0,0,0,0,0,0
CEIP SAN JOSÉ DE CALASANZ,Secundaria,966578,0,0,0,0,0,0,0,0,0
CEIP SAN JOSÉ DE CALASANZ,Profesorado,888216,9,4,5,0,0,0,0,0,0
 CDP SAN JUAN BAUTISTA,Primaria,615896,38,35,3,0,0,0,0,0,0
 CDP SAN JUAN BAUTISTA,Secundaria,637269,0,0,0,0,0,0,0,0,0
 CDP SAN JUAN BAUTISTA,Profesorado,328926,3,2,1,0,0,0,0,0,0
COLEGIO LA SALLE SAN JOSÉ,Primaria,786468,59,55,4,0,0,0,0,0,0
COLEGIO LA SALLE SAN JOSÉ,Secundaria,667449,190,154,36,0,0,0,0,0,0
COLEGIO LA SALLE SAN JOSÉ,Profesorado,422979,20,16,4,0,0,0,0,0,0
CPI ROSALES DEL CANAL DE ZARAGOZA,Primaria,324824,86,48,38,0,0,0,0,0,0
CPI ROSALES DEL CANAL DE ZARAGOZA,Secundaria,422834,402,166,236,0,0,0,0,0,0
CPI ROSALES DEL CANAL DE ZARAGOZA,Profesorado,831985,38,8,30,0,0,0,0,0,0
CEO VILLA DE AUTOL,Primaria,484341,78,65,13,0,0,0,0,0,1
CEO VILLA DE AUTOL,Secundaria,298536,190,150,40,0,0,0,0,0,0
CEO VILLA DE AUTOL,Profesorado,753944,24,17,7,0,0,0,0,0,0
COLEGIO LA MERCED FUENSANTA,Primaria,542548,301,236,65,0,0,0,0,0,0
COLEGIO LA MERCED FUENSANTA,Secundaria,717215,828,508,320,0,0,0,0,0,0
COLEGIO LA MERCED FUENSANTA,Profesorado,984229,53,28,25,0,0,0,0,0,0
COLEGIO JESÚS-MARÍA,Primaria,989561,0,0,0,0,0,0,0,0,0
COLEGIO JESÚS-MARÍA,Secundaria,498373,240,112,128,0,0,0,0,0,0
COLEGIO JESÚS-MARÍA,Profesorado,723966,32,20,12,0,0,0,0,0,0
CEIP LA ALMAZARA,Primaria,832218,153,124,29,0,0,0,0,0,0
CEIP LA ALMAZARA,Secundaria,273234,1,0,1,0,0,0,0,0,0
CEIP LA ALMAZARA,Profesorado,787665,3,1,2,0,0,0,0,0,0
CEIP FEDERICO GARCÍA LORCA ,Primaria,261125,65,63,2,0,0,0,0,0,0
CEIP FEDERICO GARCÍA LORCA ,Secundaria,613836,0,0,0,0,0,0,0,0,0
CEIP FEDERICO GARCÍA LORCA ,Profesorado,256281,18,13,5,0,0,0,0,0,0
IES LUIS DE CAMOENS,Primaria,628736,0,0,0,0,0,0,0,0,0
IES LUIS DE CAMOENS,Secundaria,766743,0,0,0,0,0,0,0,0,0
IES LUIS DE CAMOENS,Profesorado,475246,0,0,0,0,0,0,0,0,0
CEIP ALCALDE RAFAEL CEDRÉS,Primaria,264296,64,47,17,0,0,0,0,0,0
CEIP ALCALDE RAFAEL CEDRÉS,Secundaria,139989,0,0,0,0,0,0,0,0,0
CEIP ALCALDE RAFAEL CEDRÉS,Profesorado,816661,1,1,0,0,0,0,0,0,0
CEIP MIRAMONTES,Primaria,237242,231,113,118,0,0,0,0,0,0
CEIP MIRAMONTES,Secundaria,391625,0,0,0,0,0,0,0,0,0
CEIP MIRAMONTES,Profesorado,936781,10,5,5,0,0,0,0,0,0
CIFPPU CENTRO INTEGRADO DE FORMACIÓN PROFESIONAL POLITÉCNICO,Primaria,147513,0,0,0,0,0,0,0,0,0
CIFPPU CENTRO INTEGRADO DE FORMACIÓN PROFESIONAL POLITÉCNICO,Secundaria,345111,100,75,25,0,0,0,0,0,0
CIFPPU CENTRO INTEGRADO DE FORMACIÓN PROFESIONAL POLITÉCNICO,Profesorado,446718,23,11,12,0,0,0,0,0,0
COLEGIO SANTA MARÍA MICAELA,Primaria,696734,41,35,6,0,0,0,0,0,0
COLEGIO SANTA MARÍA MICAELA,Secundaria,872346,40,34,6,0,0,0,0,0,0
COLEGIO SANTA MARÍA MICAELA,Profesorado,684746,12,10,2,0,0,0,0,0,0
CEIP SANTA VICTORIA,Primaria,685858,10,8,2,0,0,0,0,0,0
CEIP SANTA VICTORIA,Secundaria,816883,0,0,0,0,0,0,0,0,0
CEIP SANTA VICTORIA,Profesorado,836394,5,4,1,0,0,0,0,0,0
CEIP LOS MILLARES,Primaria,886312,0,0,0,0,0,0,0,0,0
CEIP LOS MILLARES,Secundaria,149527,0,0,0,0,0,0,0,0,0
CEIP LOS MILLARES,Profesorado,683674,0,0,0,0,0,0,0,0,0
CIFP Nº1 CEUTA,Primaria,432886,0,0,0,0,0,0,0,0,0
CIFP Nº1 CEUTA,Secundaria,583275,164,123,41,0,0,0,0,0,0
CIFP Nº1 CEUTA,Profesorado,468575,45,24,21,0,0,0,0,0,0
COLEGIO LOS ABETOS,Primaria,438942,14,12,2,0,0,0,0,0,0
COLEGIO LOS ABETOS,Secundaria,179968,70,45,25,0,0,0,0,0,0
COLEGIO LOS ABETOS,Profesorado,729434,19,14,5,0,0,0,0,0,0
CEIP CONCEPCIÓN GIMENO GIL,Primaria,498355,138,134,4,0,0,0,0,0,0
CEIP CONCEPCIÓN GIMENO GIL,Secundaria,914845,0,0,0,0,0,0,0,0,0
CEIP CONCEPCIÓN GIMENO GIL,Profesorado,645123,7,5,2,0,0,0,0,0,0
CEIP AURELIO PRUDENCIO,Primaria,432117,143,110,33,0,0,0,0,0,0
CEIP AURELIO PRUDENCIO,Secundaria,947629,0,0,0,0,0,0,0,0,0
CEIP AURELIO PRUDENCIO,Profesorado,825243,1,0,1,0,0,0,0,0,0
IES SAN MATÍAS,Primaria,367799,0,0,0,0,0,0,0,0,0
IES SAN MATÍAS,Secundaria,234159,193,131,62,0,0,0,0,0,0
IES SAN MATÍAS,Profesorado,933224,35,26,9,0,0,0,0,0,0
COLEGIO LUYFE RIVAS,Primaria,582889,183,169,14,0,0,0,0,0,0
COLEGIO LUYFE RIVAS,Secundaria,179676,262,249,13,0,0,0,0,0,0
COLEGIO LUYFE RIVAS,Profesorado,114132,24,18,6,0,0,0,0,0,0
IES INGENIERO DE LA CIERVA,Primaria,574954,1,0,1,0,0,0,0,0,0
IES INGENIERO DE LA CIERVA,Secundaria,194967,294,230,64,0,0,0,0,0,0
IES INGENIERO DE LA CIERVA,Profesorado,296844,60,34,26,0,0,0,0,0,0
COLEGIO SANTA ROSA ,Primaria,638224,0,0,0,0,0,0,0,0,0
COLEGIO SANTA ROSA ,Secundaria,718193,206,163,43,0,0,0,0,0,0
COLEGIO SANTA ROSA ,Profesorado,925217,30,24,6,0,0,0,0,0,0
 IES JOSEFINA ALDECOA,Primaria,662239,0,0,0,0,0,0,0,0,0
 IES JOSEFINA ALDECOA,Secundaria,467545,250,218,32,0,0,0,0,0,1
 IES JOSEFINA ALDECOA,Profesorado,348398,1,1,0,0,0,0,0,0,0
CEIP GONZALO ENCABO,Primaria,835966,107,55,52,0,0,0,0,0,0
CEIP GONZALO ENCABO,Secundaria,943859,0,0,0,0,0,0,0,0,0
CEIP GONZALO ENCABO,Profesorado,961152,11,5,6,0,0,0,0,0,0
IES ENRIQUE NIETO,Primaria,692572,0,0,0,0,0,0,0,0,0
IES ENRIQUE NIETO,Secundaria,574453,735,541,194,0,0,0,0,0,0
IES ENRIQUE NIETO,Profesorado,991346,28,17,11,0,0,0,0,0,0
CPI CASTILLO QADRIT,Primaria,145964,59,35,24,0,0,0,0,0,0
CPI CASTILLO QADRIT,Secundaria,647534,85,65,20,0,0,0,0,0,0
CPI CASTILLO QADRIT,Profesorado,893828,8,6,2,0,0,0,0,0,0
CEIP LAS RETAMAS,Primaria,559942,43,40,3,0,0,0,0,0,0
CEIP LAS RETAMAS,Secundaria,588482,0,0,0,0,0,0,0,0,0
CEIP LAS RETAMAS,Profesorado,776171,0,0,0,0,0,0,0,0,0
IES ANDRÉS DE VANDELVIRA,Primaria,278893,0,0,0,0,0,0,0,0,0
IES ANDRÉS DE VANDELVIRA,Secundaria,453394,786,309,477,0,0,0,0,0,0
IES ANDRÉS DE VANDELVIRA,Profesorado,941982,50,27,23,0,0,0,0,0,0
CEIP ANDRÉS ARANGO,Primaria,936571,72,58,14,0,0,0,0,0,0
CEIP ANDRÉS ARANGO,Secundaria,128111,0,0,0,0,0,0,0,0,0
CEIP ANDRÉS ARANGO,Profesorado,315428,18,10,8,0,0,0,0,0,0
IES LEITZA AMAZABAL BHI,Primaria,174785,0,0,0,0,0,0,0,0,0
IES LEITZA AMAZABAL BHI,Secundaria,374741,21,12,9,0,0,0,0,0,0
IES LEITZA AMAZABAL BHI,Profesorado,844961,20,12,8,0,0,0,0,0,0
CEIP GINES MORATA ,Primaria,691715,124,52,72,0,0,0,0,0,0
CEIP GINES MORATA ,Secundaria,377526,0,0,0,0,0,0,0,0,0
CEIP GINES MORATA ,Profesorado,316657,10,9,1,0,0,0,0,0,0
IES JOSÉ PEDRO PÉREZ LLORCA,Primaria,399114,0,0,0,0,0,0,0,0,0
IES JOSÉ PEDRO PÉREZ LLORCA,Secundaria,118674,222,156,66,0,0,0,0,0,0
IES JOSÉ PEDRO PÉREZ LLORCA,Profesorado,565378,10,4,6,0,0,0,0,0,0
COLEGIO MARISTAS SANTA MARÍA ,Primaria,265479,208,143,65,0,0,0,0,0,1
COLEGIO MARISTAS SANTA MARÍA ,Secundaria,322659,389,284,105,0,0,0,0,0,0
COLEGIO MARISTAS SANTA MARÍA ,Profesorado,822875,15,11,4,0,0,0,0,0,0
CEIP PINOCHO ,Primaria,897941,111,84,27,0,0,0,0,0,0
CEIP PINOCHO ,Secundaria,934565,0,0,0,0,0,0,0,0,0
CEIP PINOCHO ,Profesorado,217176,18,7,11,0,0,0,0,0,0
CIFP COMUNICACIÓN IMAGEN Y SONIDO,Primaria,649358,0,0,0,0,0,0,0,0,0
CIFP COMUNICACIÓN IMAGEN Y SONIDO,Secundaria,437176,25,24,1,0,0,0,0,0,0
CIFP COMUNICACIÓN IMAGEN Y SONIDO,Profesorado,359151,0,0,0,0,0,0,0,0,0
CEIP MIGUEL SERVET,Primaria,441283,87,78,9,0,0,0,0,0,0
CEIP MIGUEL SERVET,Secundaria,135884,0,0,0,0,0,0,0,0,0
CEIP MIGUEL SERVET,Profesorado,158253,1,0,1,0,0,0,0,0,0
IES VICENTE MEDINA,Primaria,542555,0,0,0,0,0,0,0,0,0
IES VICENTE MEDINA,Secundaria,618915,0,0,0,0,0,0,0,0,0
IES VICENTE MEDINA,Profesorado,997696,0,0,0,0,0,0,0,0,0
COLEGIO ALAMEDA,Primaria,254634,133,116,17,0,0,0,0,0,0
COLEGIO ALAMEDA,Secundaria,668661,381,282,99,0,0,0,0,0,0
COLEGIO ALAMEDA,Profesorado,636579,44,21,23,0,0,0,0,0,0
CEIP CRISTÓBAL COLÓN,Primaria,128598,124,122,2,0,0,0,0,0,0
CEIP CRISTÓBAL COLÓN,Secundaria,953316,1,0,1,0,0,0,0,0,0
CEIP CRISTÓBAL COLÓN,Profesorado,556319,0,0,0,0,0,0,0,0,0
IES ALDEBARÁN,Primaria,965296,1,0,1,0,0,0,0,0,0
IES ALDEBARÁN,Secundaria,431992,141,107,34,0,0,0,0,0,0
IES ALDEBARÁN,Profesorado,247937,58,24,34,0,0,0,0,0,0
CPEIPS IRUNGO LA SALLE HLBHIP,Primaria,342995,141,98,43,0,0,0,0,0,0
CPEIPS IRUNGO LA SALLE HLBHIP,Secundaria,524719,879,389,490,0,0,0,0,0,0
CPEIPS IRUNGO LA SALLE HLBHIP,Profesorado,596771,32,15,17,0,0,0,0,0,0
CPIFP Somorrostro LHIPI,Primaria,496382,0,0,0,0,0,0,0,0,0
CPIFP Somorrostro LHIPI,Secundaria,225273,753,481,272,0,0,0,0,0,0
CPIFP Somorrostro LHIPI,Profesorado,953219,23,15,8,0,0,0,0,0,0
CIFP NAÚTICO PESQUERA DE BERMEO,Primaria,776777,0,0,0,0,0,0,0,0,0
CIFP NAÚTICO PESQUERA DE BERMEO,Secundaria,861441,36,22,14,0,0,0,0,0,0
CIFP NAÚTICO PESQUERA DE BERMEO,Profesorado,174235,11,11,0,0,0,0,0,0,0
CPIFP MARISTAK DURANGO LHIPI,Primaria,614128,0,0,0,0,0,0,0,0,0
CPIFP MARISTAK DURANGO LHIPI,Secundaria,368886,120,109,11,0,0,0,0,0,0
CPIFP MARISTAK DURANGO LHIPI,Profesorado,824571,37,29,8,0,0,0,0,0,0
ESCOLA GUINARDÓ,Primaria,456676,123,100,23,0,0,0,0,0,0
ESCOLA GUINARDÓ,Secundaria,288541,337,114,223,0,0,0,0,0,0
ESCOLA GUINARDÓ,Profesorado,232496,17,10,7,0,0,0,0,0,0
NSTITUT CAN VILURAMA,Primaria,412365,0,0,0,0,0,0,0,0,0
NSTITUT CAN VILURAMA,Secundaria,957493,512,334,178,0,0,0,0,0,0
CPEIPS Sagrado Corazón HLBHIP,Primaria,186744,185,96,89,0,0,0,0,0,0
CPEIPS Sagrado Corazón HLBHIP,Profesorado,696531,19,10,9,0,0,0,0,0,0
CPEIPS LA SALLE HLBHIP DONOSTIA,Primaria,696318,0,0,0,0,0,0,0,0,0
CPEIPS LA SALLE HLBHIP DONOSTIA,Secundaria,356813,411,317,94,0,0,0,0,0,0
CPEIPS LA SALLE HLBHIP DONOSTIA,Profesorado,993927,9,7,2,0,0,0,0,0,0
CEIP NUESTRA SEÑORA DEL ROSARIO,Primaria,126459,0,0,0,0,0,0,0,0,0
CEIP NUESTRA SEÑORA DEL ROSARIO,Secundaria,751784,0,0,0,0,0,0,0,0,0
CEIP NUESTRA SEÑORA DEL ROSARIO,Profesorado,143391,0,0,0,0,0,0,0,0,0
CPI PARQUE VENECIA,Primaria,852451,79,71,8,0,0,0,0,0,0
CPI PARQUE VENECIA,Secundaria,255873,0,0,0,0,0,0,0,0,0
CPI PARQUE VENECIA,Profesorado,578862,12,7,5,0,0,0,0,0,0
CEIP CASTRA CAECILIA ,Primaria,562343,43,32,11,0,0,0,0,0,0
CEIP CASTRA CAECILIA ,Secundaria,947278,0,0,0,0,0,0,0,0,0
CEIP CASTRA CAECILIA ,Profesorado,765996,1,1,0,0,0,0,0,0,0
IES MARIO ROSO DE LUNA,Primaria,393293,0,0,0,0,0,0,0,0,0
IES MARIO ROSO DE LUNA,Secundaria,846329,196,165,31,0,0,0,0,0,0
IES MARIO ROSO DE LUNA,Profesorado,624345,20,13,7,0,0,0,0,0,0
CEIP ZAMUDIO,Primaria,861973,55,41,14,0,0,0,0,0,0
CEIP ZAMUDIO,Secundaria,942754,0,0,0,0,0,0,0,0,0
CEIP ZAMUDIO,Profesorado,633712,3,2,1,0,0,0,0,0,0
COLEGIO CHAMBERÍ MARISTAS ,Primaria,633171,0,0,0,0,0,0,0,0,0
COLEGIO CHAMBERÍ MARISTAS ,Secundaria,236594,650,128,522,0,0,0,0,0,0
COLEGIO CHAMBERÍ MARISTAS ,Profesorado,199458,27,14,13,0,0,0,0,0,0
IES LA SENDA,Primaria,524165,0,0,0,0,0,0,0,0,0
IES LA SENDA,Secundaria,441751,296,248,48,0,0,0,0,36,2
IES LA SENDA,Profesorado,462937,28,21,7,0,0,0,0,0,0
CEIP EL SOL,Primaria,626459,82,62,20,0,0,0,0,0,0
CEIP EL SOL,Secundaria,552365,0,0,0,0,0,0,0,0,0
CEIP EL SOL,Profesorado,141145,0,0,0,0,0,0,0,0,0
CEIP ANSELMO PÉREZ BRITO,Primaria,783979,27,27,0,0,0,0,0,0,0
CEIP ANSELMO PÉREZ BRITO,Secundaria,793225,0,0,0,0,0,0,0,0,0
CEIP ANSELMO PÉREZ BRITO,Profesorado,363483,12,10,2,0,0,0,0,0,0
IES SANTA EMERENCIANA,Primaria,732185,0,0,0,0,0,0,0,0,0
IES SANTA EMERENCIANA,Secundaria,755964,129,113,16,0,0,0,0,0,0
IES SANTA EMERENCIANA,Profesorado,596879,2,1,1,0,0,0,0,0,0
ES LEITZA AMAZABAL BHI,Primaria,764955,0,0,0,0,0,0,0,0,0
ES LEITZA AMAZABAL BHI,Secundaria,359679,361,240,121,0,0,0,0,0,0
ES LEITZA AMAZABAL BHI,Profesorado,622782,18,10,8,0,0,0,0,0,0
CPR PLURILÍNGÜE SANTA MARÍA,Primaria,917764,124,95,29,0,0,0,0,0,0
CPR PLURILÍNGÜE SANTA MARÍA,Secundaria,429233,280,243,37,0,0,0,0,0,0
CPR PLURILÍNGÜE SANTA MARÍA,Profesorado,723613,34,10,24,0,0,0,0,0,0
CPEIPS SAN PATRICIO HLBHIP,Primaria,396232,50,48,2,0,0,0,0,0,0
CPEIPS SAN PATRICIO HLBHIP,Secundaria,433551,219,162,57,0,0,26,10,110,39
CPEIPS SAN PATRICIO HLBHIP,Profesorado,485637,13,6,7,0,0,0,1,1,1
CPR COLEGIO MONTEPINAR,Primaria,655117,107,90,17,0,0,0,0,0,0
CPR COLEGIO MONTEPINAR,Secundaria,133773,334,271,63,0,0,0,0,0,1
CPR COLEGIO MONTEPINAR,Profesorado,568412,14,9,5,0,0,0,0,0,0
CEIP FRANCISCO RODRÍGUEZ PERERA,Primaria,816353,65,35,30,0,0,0,0,0,0
CEIP FRANCISCO RODRÍGUEZ PERERA,Secundaria,956621,0,0,0,0,0,0,0,0,0
CEIP FRANCISCO RODRÍGUEZ PERERA,Profesorado,745486,26,19,7,0,0,0,0,0,0
IES FLORIDABLANCA,Primaria,665245,0,0,0,0,0,0,0,0,0
IES FLORIDABLANCA,Secundaria,751617,0,0,0,0,0,0,0,0,0
IES FLORIDABLANCA,Profesorado,228539,15,8,7,1,1,7,6,0,0
CEIP LOS NEGRALES,Primaria,257951,41,32,9,0,0,0,0,0,0
CEIP LOS NEGRALES,Secundaria,347865,0,0,0,0,0,0,0,0,0
CEIP LOS NEGRALES,Profesorado,156182,6,3,3,0,0,0,0,0,0
COLEGIO NTRA. SRA. DE LA VICTORIA (MARISTAS MÁLAGA),Primaria,558879,43,40,3,0,0,0,0,0,0
COLEGIO NTRA. SRA. DE LA VICTORIA (MARISTAS MÁLAGA),Secundaria,779337,223,176,47,0,0,0,0,0,0
COLEGIO NTRA. SRA. DE LA VICTORIA (MARISTAS MÁLAGA),Profesorado,348116,22,19,3,0,0,0,0,0,0
CEIP DULCE CHACÓN,Primaria,422344,131,80,51,0,0,0,0,0,0
CEIP DULCE CHACÓN,Secundaria,676476,0,0,0,0,0,0,0,0,0
CEIP DULCE CHACÓN,Profesorado,455532,8,4,4,0,0,0,0,0,0
C.E.I.P. PEDRO DE VALENCIA,Primaria,721146,96,77,19,0,0,0,0,0,0
C.E.I.P. PEDRO DE VALENCIA,Secundaria,346968,0,0,0,0,0,0,0,0,0
C.E.I.P. PEDRO DE VALENCIA,Profesorado,788352,0,0,0,0,0,0,0,0,0
COLEGIO SAGRADA FAMILIA,Primaria,753399,22,8,14,0,0,0,0,0,0
COLEGIO SAGRADA FAMILIA,Secundaria,415138,0,0,0,0,0,0,0,0,0
COLEGIO SAGRADA FAMILIA,Profesorado,748533,0,0,0,0,0,0,0,0,0
COLEGIO SAN JOSÉ DEL PARQUE,Primaria,346973,169,112,57,0,0,0,0,0,0
COLEGIO SAN JOSÉ DEL PARQUE,Secundaria,746724,495,440,55,0,0,0,0,0,0
COLEGIO SAN JOSÉ DEL PARQUE,Profesorado,987219,71,46,25,0,0,0,0,0,0
IES GINÉS PÉREZ CHIRINOS,Primaria,423266,0,0,0,0,0,0,0,0,0
IES GINÉS PÉREZ CHIRINOS,Secundaria,996568,108,94,14,0,0,0,0,0,0
IES GINÉS PÉREZ CHIRINOS,Profesorado,422459,2,2,0,0,0,0,0,0,0
CEIP NTRA. SRA. DE LA PEÑA,Primaria,288824,29,28,1,0,0,0,0,0,0
CEIP NTRA. SRA. DE LA PEÑA,Secundaria,488481,0,0,0,0,0,0,0,0,0
CEIP NTRA. SRA. DE LA PEÑA,Profesorado,882214,8,4,4,0,0,0,0,0,0
COLEGIO MARISTAS GIRONA,Primaria,718685,92,88,4,0,0,0,0,0,0
COLEGIO MARISTAS GIRONA,Secundaria,941156,56,51,5,0,0,0,0,0,0
COLEGIO MARISTAS GIRONA,Profesorado,659651,0,0,0,0,0,0,0,0,0
CEIP MAESTRO JOSÉ ACOSTA,Primaria,245734,149,132,17,0,0,0,0,0,0
CEIP MAESTRO JOSÉ ACOSTA,Secundaria,282569,0,0,0,0,0,0,0,0,0
CEIP MAESTRO JOSÉ ACOSTA,Profesorado,678515,0,0,0,0,0,0,0,0,0
COLEGIO LA SALLE CÓRDOBA,Primaria,457971,132,114,18,0,0,0,0,0,0
COLEGIO LA SALLE CÓRDOBA,Secundaria,799225,510,271,239,0,0,69,27,0,1
COLEGIO LA SALLE CÓRDOBA,Profesorado,618619,9,6,3,0,0,0,0,0,0
CEIP EL TORREÓN,Primaria,746851,18,18,0,0,0,0,0,0,0
CEIP EL TORREÓN,Secundaria,245157,0,0,0,0,0,0,0,0,0
CEIP EL TORREÓN,Profesorado,616946,0,0,0,0,0,0,0,0,0
COLEGIO COMPAÑÍA DE ALMERÍA,Primaria,243761,0,0,0,0,0,0,0,0,0
COLEGIO COMPAÑÍA DE ALMERÍA,Secundaria,827658,0,0,0,0,0,0,0,0,0
COLEGIO COMPAÑÍA DE ALMERÍA,Profesorado,713615,0,0,0,0,0,0,0,0,0
CEIP JOXEMIEL BARANDIARAN ESKOLA HLHI,Primaria,895526,47,43,4,0,0,0,0,0,0
CEIP JOXEMIEL BARANDIARAN ESKOLA HLHI,Secundaria,145889,0,0,0,0,0,0,0,0,0
CEIP JOXEMIEL BARANDIARAN ESKOLA HLHI,Profesorado,733674,9,2,7,0,0,0,0,0,0
CEIP SAN ROQUE,Primaria,497956,81,78,3,0,0,0,0,0,0
CEIP SAN ROQUE,Secundaria,153375,0,0,0,0,0,0,0,0,0
CEIP SAN ROQUE,Profesorado,141177,21,13,8,0,0,0,0,0,0
IES ORIXE BHI,Primaria,151537,0,0,0,0,0,0,0,0,0
IES ORIXE BHI,Secundaria,257658,491,363,128,0,0,1,1,1,1
IES ORIXE BHI,Profesorado,433333,21,12,9,0,0,0,0,0,0
LAURO IKASTOLA,Primaria,618997,80,74,6,0,0,74,5,0,1
LAURO IKASTOLA,Secundaria,836782,510,412,98,0,0,0,0,0,0
LAURO IKASTOLA,Profesorado,381796,11,8,3,0,0,8,0,0,2
COLEGIO LA SALLE FELIPE BENITO,Primaria,899586,51,49,2,0,0,0,0,0,0
COLEGIO LA SALLE FELIPE BENITO,Secundaria,213592,225,205,20,0,0,0,0,0,1
COLEGIO LA SALLE FELIPE BENITO,Profesorado,219312,27,27,0,0,0,0,0,0,0
COLEGIO SAN JUAN BOSCO,Primaria,358548,54,39,15,0,0,0,4,39,11
COLEGIO SAN JUAN BOSCO,Secundaria,117385,195,166,29,0,0,8,1,107,15
COLEGIO SAN JUAN BOSCO,Profesorado,265219,14,8,6,0,0,0,0,1,2
OLABIDE IKASTOLA,Primaria,963292,85,68,17,0,0,0,0,0,0
OLABIDE IKASTOLA,Secundaria,412236,117,84,33,0,0,0,0,0,0
OLABIDE IKASTOLA,Profesorado,665341,22,7,15,0,0,0,0,0,0
IES MAIMÓNIDES,Primaria,436634,0,0,0,0,0,0,0,0,0
IES MAIMÓNIDES,Secundaria,452196,68,36,32,0,0,0,0,0,0
IES MAIMÓNIDES,Profesorado,846519,2,1,1,0,0,0,0,0,0
IES TIERRA DE BARROS,Primaria,731818,0,0,0,0,0,0,0,0,0
IES TIERRA DE BARROS,Secundaria,238883,127,108,19,0,0,0,0,0,0
IES TIERRA DE BARROS,Profesorado,544471,17,11,6,0,0,0,0,0,0
COLEGIO JESUITINAS PAMPLONA (HIJAS DE JESÚS),Primaria,634836,1,0,1,0,0,0,0,0,0
COLEGIO JESUITINAS PAMPLONA (HIJAS DE JESÚS),Secundaria,551324,0,0,0,0,0,0,0,0,0
COLEGIO JESUITINAS PAMPLONA (HIJAS DE JESÚS),Profesorado,615229,0,0,0,0,0,0,0,0,0
IES JOSEP MARÍA QUADRADO,Primaria,529298,0,0,0,0,0,0,0,0,0
IES JOSEP MARÍA QUADRADO,Secundaria,855991,442,320,122,0,0,0,0,0,2
IES JOSEP MARÍA QUADRADO,Profesorado,486967,62,38,24,0,0,1,0,0,0
COLEGIO ANTONIO MACHADO,Primaria,416716,0,0,0,0,0,0,0,0,0
COLEGIO ANTONIO MACHADO,Secundaria,152278,113,72,41,0,0,0,0,0,0
COLEGIO ANTONIO MACHADO,Profesorado,417111,8,6,2,0,0,0,0,0,0
IES GREGORIO PRIETO,Primaria,878233,0,0,0,0,0,0,0,0,0
IES GREGORIO PRIETO,Secundaria,725518,2,0,2,0,0,0,0,0,0
IES GREGORIO PRIETO,Profesorado,757289,0,0,0,0,0,0,0,0,0
AGORA PORTALS INTERNATIONAL SCHOOL,Primaria,518835,99,71,28,3,1,4,2,64,24
AGORA PORTALS INTERNATIONAL SCHOOL,Secundaria,746325,157,115,42,0,0,0,0,3,2
AGORA PORTALS INTERNATIONAL SCHOOL,Profesorado,376361,1,1,0,0,0,0,0,0,0
COOP. SOM ESCOLA,Primaria,441959,0,0,0,0,0,0,0,0,0
COOP. SOM ESCOLA,Secundaria,628769,0,0,0,0,0,0,0,0,0
COOP. SOM ESCOLA,Profesorado,851187,0,0,0,0,0,0,0,0,0
IES SANGÜESA SIERRA DE LEYRE,Primaria,283327,0,0,0,0,0,0,0,0,0
IES SANGÜESA SIERRA DE LEYRE,Secundaria,635436,119,95,24,0,0,19,-1,60,17
IES SANGÜESA SIERRA DE LEYRE,Profesorado,846343,1,1,0,0,0,0,0,1,0
IES LUÍS BUÑUEL,Primaria,314671,0,0,0,0,0,0,0,0,0
IES LUÍS BUÑUEL,Secundaria,116148,54,41,13,0,0,0,0,0,0
IES LUÍS BUÑUEL,Profesorado,415843,0,0,0,0,0,0,0,0,0
IES JOSEP MIQUEL GUÀRDIA,Primaria,261131,0,0,0,0,0,0,0,0,0
IES JOSEP MIQUEL GUÀRDIA,Secundaria,844482,478,384,94,0,0,15,0,36,9
IES JOSEP MIQUEL GUÀRDIA,Profesorado,577835,31,18,13,0,0,0,0,0,0
CEIP JOAN VENI I CLAR,Primaria,698616,95,62,33,0,0,0,0,0,0
CEIP JOAN VENI I CLAR,Secundaria,747464,0,0,0,0,0,0,0,0,0
CEIP JOAN VENI I CLAR,Profesorado,323243,4,4,0,0,0,0,0,0,0
IES ISIDORM MACAGICH,Primaria,433376,0,0,0,0,0,0,0,0,0
IES ISIDORM MACAGICH,Secundaria,868612,0,0,0,0,0,0,0,0,0
IES ISIDORM MACAGICH,Profesorado,114942,0,0,0,0,0,0,0,0,0
IES BAJO CINCA- FRAGA,Primaria,586682,0,0,0,0,0,0,0,0,0
IES BAJO CINCA- FRAGA,Secundaria,923628,285,226,59,0,0,0,0,0,0
IES BAJO CINCA- FRAGA,Profesorado,191517,29,17,12,0,0,1,0,0,0
IES CIUDAD DE LOS ÁNGELES,Primaria,435269,0,0,0,0,0,0,0,0,0
IES CIUDAD DE LOS ÁNGELES,Secundaria,936153,114,104,10,0,0,0,0,0,0
IES CIUDAD DE LOS ÁNGELES,Profesorado,193733,1,0,1,0,0,0,0,0,0
COLEGIO MADRE DE DIOS,Primaria,958488,1,0,1,0,0,0,0,0,0
COLEGIO MADRE DE DIOS,Secundaria,638184,49,42,7,0,0,0,0,0,0
COLEGIO MADRE DE DIOS,Profesorado,161371,1,0,1,0,0,0,0,0,0
CP PALACIO VALDÉS,Primaria,929591,42,39,3,0,0,0,0,0,0
CP PALACIO VALDÉS,Secundaria,791426,0,0,0,0,0,0,0,0,0
CP PALACIO VALDÉS,Profesorado,313739,4,4,0,0,0,0,0,0,0
IES AVEMPACE,Primaria,671756,0,0,0,0,0,0,0,0,0
IES AVEMPACE,Secundaria,526448,129,112,17,0,0,0,3,30,3
IES AVEMPACE,Profesorado,648553,32,20,12,0,0,1,0,2,4
CPR PLURILINGÜE CRISTO REY,Primaria,992128,0,0,0,0,0,0,0,0,0
CPR PLURILINGÜE CRISTO REY,Secundaria,958828,381,307,74,0,0,0,0,0,0
CPR PLURILINGÜE CRISTO REY,Profesorado,782651,13,11,2,0,0,0,0,0,0
CEIP SIERRA DE HUÉTOR,Primaria,562919,26,24,2,0,0,0,0,0,0
CEIP SIERRA DE HUÉTOR,Secundaria,511951,0,0,0,0,0,0,0,0,0
CEIP SIERRA DE HUÉTOR,Profesorado,657579,2,1,1,0,0,0,0,0,0
IES SAN PEDRO DE ALCÁNTARA,Primaria,927957,0,0,0,0,0,0,0,0,0
IES SAN PEDRO DE ALCÁNTARA,Secundaria,488553,67,46,21,0,0,0,0,0,0
IES SAN PEDRO DE ALCÁNTARA,Profesorado,674237,1,1,0,0,0,0,0,0,0
COLEGIO PONCE DE LEÓN,Primaria,412614,20,18,2,0,0,0,0,0,0
COLEGIO PONCE DE LEÓN,Secundaria,595419,121,79,42,0,0,0,0,0,0
COLEGIO PONCE DE LEÓN,Profesorado,175188,15,10,5,0,0,0,0,0,0
ESCOLA MONTSENY,Primaria,723574,60,52,8,0,0,0,0,0,0
ESCOLA MONTSENY,Secundaria,824232,0,0,0,0,0,0,0,0,0
ESCOLA MONTSENY,Profesorado,894362,0,0,0,0,0,0,0,0,0
SEK INTERNATIONAL SCHOOL ALBORÁN,Primaria,398567,0,0,0,0,0,0,0,0,0
SEK INTERNATIONAL SCHOOL ALBORÁN,Secundaria,173693,0,0,0,0,0,0,0,0,0
SEK INTERNATIONAL SCHOOL ALBORÁN,Profesorado,461289,0,0,0,0,0,0,0,0,0
IES COLONOS,Primaria,679233,0,0,0,0,0,0,0,0,0
IES COLONOS,Secundaria,444125,259,175,84,0,0,0,0,0,0
IES COLONOS,Profesorado,176564,17,14,3,0,0,0,0,0,0
IES CELSO DÍAZ,Primaria,671315,0,0,0,0,0,0,0,0,0
IES CELSO DÍAZ,Secundaria,622892,223,195,28,0,0,0,0,5,2
IES CELSO DÍAZ,Profesorado,531478,9,5,4,0,0,0,0,0,0
ESCOLA PIA D'IGUALADA,Primaria,746535,47,44,3,0,0,0,0,0,0
ESCOLA PIA D'IGUALADA,Secundaria,372377,293,218,75,0,0,0,0,0,0
ESCOLA PIA D'IGUALADA,Profesorado,529212,0,0,0,0,0,0,0,0,0
COLEGIO LA SALLE FIGUERES,Primaria,877861,86,77,9,0,0,0,0,0,0
COLEGIO LA SALLE FIGUERES,Secundaria,891462,224,185,39,0,0,50,8,135,29
COLEGIO LA SALLE FIGUERES,Profesorado,623662,23,9,14,0,0,1,0,1,1
COLEGIO SAN RAFAEL VILLAVICIOSA,Primaria,736547,15,12,3,0,0,0,0,0,0
COLEGIO SAN RAFAEL VILLAVICIOSA,Secundaria,415831,54,49,5,0,0,0,0,0,0
COLEGIO SAN RAFAEL VILLAVICIOSA,Profesorado,684787,3,3,0,0,0,0,0,0,0
ESCOLA PÍA DE SITGES,Primaria,344289,0,0,0,0,0,0,0,0,0
ESCOLA PÍA DE SITGES,Secundaria,679647,27,22,5,0,0,0,0,0,0
ESCOLA PÍA DE SITGES,Profesorado,357146,20,3,17,0,0,0,0,0,0
COLEGIO URKIDE,Primaria,733864,0,0,0,0,0,0,0,0,0
COLEGIO URKIDE,Secundaria,349361,8,3,5,0,0,0,0,0,0
COLEGIO URKIDE,Profesorado,656452,0,0,0,0,0,0,0,0,0
ESCOLA MARCEL·LÍ DOMINGO,Primaria,665344,24,16,8,0,0,0,0,0,0
ESCOLA MARCEL·LÍ DOMINGO,Secundaria,616529,0,0,0,0,0,0,0,0,0
ESCOLA MARCEL·LÍ DOMINGO,Profesorado,386462,11,9,2,0,0,0,0,0,0
INTERNATIONAL SCHOOL SEK EL CASTILLO,Primaria,626943,0,0,0,0,0,0,0,0,0
INTERNATIONAL SCHOOL SEK EL CASTILLO,Secundaria,471567,0,0,0,0,0,0,0,0,0
INTERNATIONAL SCHOOL SEK EL CASTILLO,Profesorado,273181,0,0,0,0,0,0,0,0,0
COLEGIO MARISTAS AUSEVA,Primaria,813314,1,0,1,0,0,0,0,0,0
COLEGIO MARISTAS AUSEVA,Secundaria,441124,269,206,63,0,0,0,1,0,0
COLEGIO MARISTAS AUSEVA,Profesorado,395384,24,20,4,0,0,0,0,0,0
COLEGIO SAGRADA FAMILIA - EL PILAR,Primaria,442511,0,0,0,0,0,0,0,0,0
COLEGIO SAGRADA FAMILIA - EL PILAR,Secundaria,395341,145,137,8,0,0,0,0,0,0
COLEGIO SAGRADA FAMILIA - EL PILAR,Profesorado,163524,21,21,0,0,0,0,0,0,0
CPIFP PIRÁMIDE,Primaria,537448,0,0,0,0,0,0,0,0,0
CPIFP PIRÁMIDE,Secundaria,693292,58,39,19,0,0,0,0,0,0
CPIFP PIRÁMIDE,Profesorado,729128,4,2,2,0,0,0,0,0,0
INSTITUT J.V. FOIX,Primaria,422755,0,0,0,0,0,0,0,0,0
INSTITUT J.V. FOIX,Secundaria,825453,83,60,23,0,0,0,0,0,0
INSTITUT J.V. FOIX,Profesorado,537172,13,6,7,0,0,0,0,0,0
INSTITUT MARTA MATA,Primaria,555564,0,0,0,0,0,0,0,0,0
INSTITUT MARTA MATA,Secundaria,985214,11,0,11,0,0,0,8,0,0
INSTITUT MARTA MATA,Profesorado,159573,11,8,3,0,0,3,2,0,0
CP PEDRO PENZOL,Primaria,493751,25,22,3,0,0,0,0,0,0
CP PEDRO PENZOL,Secundaria,173489,0,0,0,0,0,0,0,0,0
CP PEDRO PENZOL,Profesorado,254368,13,13,0,0,0,0,0,0,0
YAGO SCHOOL,Primaria,563793,1,0,1,0,0,0,0,0,0
YAGO SCHOOL,Secundaria,782458,0,0,0,0,0,0,0,0,0
YAGO SCHOOL,Profesorado,566587,0,0,0,0,0,0,0,0,0
CAMPUS DOCENTE SAN JOAN DE DEU,Primaria,213383,0,0,0,0,0,0,0,0,0
CAMPUS DOCENTE SAN JOAN DE DEU,Secundaria,797449,145,117,28,0,0,0,0,0,0
CAMPUS DOCENTE SAN JOAN DE DEU,Profesorado,175553,3,2,1,0,0,0,0,0,0
ESCOLA DOLORS MONSERÁ-SANTAPAU,Primaria,256259,99,79,20,0,0,0,0,0,0
ESCOLA DOLORS MONSERÁ-SANTAPAU,Secundaria,848897,0,0,0,0,0,0,0,0,0
ESCOLA DOLORS MONSERÁ-SANTAPAU,Profesorado,266663,14,6,8,0,0,0,0,0,0
ST. MARY`S SCHOOL,Primaria,252772,0,0,0,0,0,0,0,0,0
ST. MARY`S SCHOOL,Secundaria,181972,50,45,5,0,0,19,1,26,3
ST. MARY`S SCHOOL,Profesorado,993443,0,0,0,0,0,0,0,0,0
COLEGIO MARE DE DÉU DELS DOLORS,Primaria,473846,0,0,0,0,0,0,0,0,0
COLEGIO MARE DE DÉU DELS DOLORS,Secundaria,187983,241,189,52,0,0,1,0,45,19
COLEGIO MARE DE DÉU DELS DOLORS,Profesorado,457437,20,11,9,0,0,0,0,0,0
COLEGIO LA SALLE L'ALCORA,Primaria,839717,42,35,7,0,0,0,1,19,2
COLEGIO LA SALLE L'ALCORA,Secundaria,311954,14,12,2,0,0,0,0,0,0
COLEGIO LA SALLE L'ALCORA,Profesorado,119121,15,14,1,0,0,1,0,1,0
COLEGIO RAMÓN PONT,Primaria,497656,59,45,14,0,0,0,0,0,0
COLEGIO RAMÓN PONT,Secundaria,118855,24,21,3,0,0,0,0,0,0
COLEGIO RAMÓN PONT,Profesorado,993668,0,0,0,0,0,0,0,0,0
COLEGIO MARISTES CHAMPAGNAT,Primaria,856755,75,63,12,0,0,0,1,21,2
COLEGIO MARISTES CHAMPAGNAT,Secundaria,254615,250,185,65,0,0,0,0,1,0
COLEGIO MARISTES CHAMPAGNAT,Profesorado,852196,3,1,2,0,0,0,0,0,0
COLEGIO MARISTES LA INMACULADA,Primaria,851435,0,0,0,0,0,0,0,0,0
COLEGIO MARISTES LA INMACULADA,Secundaria,859454,111,88,23,0,0,38,11,15,3
COLEGIO MARISTES LA INMACULADA,Profesorado,761361,7,5,2,0,0,0,0,0,1
CP EL QUIRINAL,Primaria,511857,136,123,13,0,0,0,0,0,0
CP EL QUIRINAL,Secundaria,951865,0,0,0,0,0,0,0,0,0
CP EL QUIRINAL,Profesorado,955575,9,2,7,0,0,0,2,2,4
IES JOSÉ MARTÍN RECUERDA,Primaria,685781,0,0,0,0,0,0,0,0,0
IES JOSÉ MARTÍN RECUERDA,Secundaria,299994,220,174,46,0,0,45,20,0,0
IES JOSÉ MARTÍN RECUERDA,Profesorado,146316,9,4,5,0,0,1,0,0,0
COLEGIO QUERCUS,Primaria,425262,2,0,2,0,0,0,0,0,0
COLEGIO QUERCUS,Secundaria,368415,2,1,1,0,0,0,0,0,0
COLEGIO QUERCUS,Profesorado,181431,0,0,0,0,0,0,0,0,0
EGILUZE IKASTETXEA HONDARRIBIA,Primaria,841773,0,0,0,0,0,0,0,0,0
EGILUZE IKASTETXEA HONDARRIBIA,Secundaria,936658,86,78,8,0,0,0,0,0,0
EGILUZE IKASTETXEA HONDARRIBIA,Profesorado,823872,5,4,1,0,0,0,0,0,0
IES PIO BAROJA BHI,Primaria,774241,0,0,0,0,0,0,0,0,0
IES PIO BAROJA BHI,Secundaria,563863,443,376,67,1,0,11,3,0,0
IES PIO BAROJA BHI,Profesorado,276677,48,10,38,0,0,1,0,0,0
ESCOLA COLONIA GÜELL,Primaria,229228,49,42,7,0,0,0,0,0,1
ESCOLA COLONIA GÜELL,Secundaria,683836,0,0,0,0,0,0,0,0,0
ESCOLA COLONIA GÜELL,Profesorado,757377,0,0,0,0,0,0,0,0,0
CEIP CASTILLO DE ANZUR,Primaria,656466,0,0,0,0,0,0,0,0,0
CEIP CASTILLO DE ANZUR,Secundaria,518645,5,0,5,0,0,0,0,0,0
CEIP CASTILLO DE ANZUR,Profesorado,825488,0,0,0,0,0,0,0,0,0
CPEIPS La Salle Bilbao HLBHIP,Primaria,213789,181,159,22,0,0,0,0,0,1
CPEIPS La Salle Bilbao HLBHIP,Secundaria,453422,0,0,0,0,0,0,0,0,0
CPEIPS La Salle Bilbao HLBHIP,Profesorado,288787,0,0,0,0,0,0,0,0,0
CEIP PINODUERO,Primaria,685671,41,36,5,0,0,0,0,0,0
CEIP PINODUERO,Secundaria,326756,0,0,0,0,0,0,0,0,0
CEIP PINODUERO,Profesorado,878967,22,10,12,0,0,0,0,0,0
CEIP MEDITERRÁNEO (MELILLA),Primaria,822172,25,16,9,0,0,0,0,0,0
CEIP MEDITERRÁNEO (MELILLA),Secundaria,526758,0,0,0,0,0,0,0,0,0
CEIP MEDITERRÁNEO (MELILLA),Profesorado,689825,4,2,2,0,0,0,0,0,0
COLEGIO SAN JUAN BOSCO (SALESIANAS SALAMANCA),Primaria,272445,1,0,1,0,0,0,0,0,0
COLEGIO SAN JUAN BOSCO (SALESIANAS SALAMANCA),Secundaria,567792,54,36,18,0,0,24,5,1,9
COLEGIO SAN JUAN BOSCO (SALESIANAS SALAMANCA),Profesorado,294246,56,26,30,0,0,0,0,0,0
COLEGIO LA SALLE - PALENCIA,Primaria,652187,134,92,42,0,0,0,0,0,1
COLEGIO LA SALLE - PALENCIA,Secundaria,581824,343,147,196,0,0,0,0,0,0
COLEGIO LA SALLE - PALENCIA,Profesorado,371893,29,20,9,0,0,0,0,0,0
INSTITUT SAMUEL GILI I GAYA,Primaria,378373,0,0,0,0,0,0,0,0,0
INSTITUT SAMUEL GILI I GAYA,Secundaria,432642,202,158,44,0,0,0,1,0,0
INSTITUT SAMUEL GILI I GAYA,Profesorado,995334,12,7,5,0,0,0,0,0,0
CC TOTHEDUCATIU,Primaria,975915,0,0,0,0,0,0,0,0,0
CC TOTHEDUCATIU,Secundaria,519195,75,70,5,0,0,0,0,0,0
CC TOTHEDUCATIU,Profesorado,474853,8,6,2,0,0,0,0,0,0
IES MEDITERRÁNEO,Primaria,892465,0,0,0,0,0,0,0,0,0
IES MEDITERRÁNEO,Secundaria,696155,162,159,3,0,0,0,0,0,0
IES MEDITERRÁNEO,Profesorado,792864,10,4,6,0,0,0,0,0,0
CEIP BALANSAT,Primaria,583774,2,0,2,0,0,0,0,0,0
CEIP BALANSAT,Secundaria,442478,0,0,0,0,0,0,0,0,0
CEIP BALANSAT,Profesorado,717632,9,8,1,0,0,0,0,0,0
CEIP PORTIUS BLENDIUM,Primaria,795264,139,104,35,0,0,0,1,0,0
CEIP PORTIUS BLENDIUM,Secundaria,952316,0,0,0,0,0,0,0,0,0
CEIP PORTIUS BLENDIUM,Profesorado,572738,14,11,3,0,0,0,0,0,0
COLEGIO LA INMACULADA IKASTETXEA,Primaria,792856,112,81,31,0,0,0,0,0,0
COLEGIO LA INMACULADA IKASTETXEA,Secundaria,367857,78,55,23,0,0,0,0,0,0
COLEGIO LA INMACULADA IKASTETXEA,Profesorado,514835,30,15,15,0,0,0,0,0,0
IES VALDEHIERRO,Primaria,828218,0,0,0,0,0,0,0,0,0
IES VALDEHIERRO,Secundaria,324148,0,0,0,0,0,0,0,0,0
IES VALDEHIERRO,Profesorado,282425,0,0,0,0,0,0,0,0,0
IES NÉSTOR ALMENDROS,Primaria,745375,0,0,0,0,0,0,0,0,0
IES NÉSTOR ALMENDROS,Secundaria,598499,413,347,66,2,0,89,17,121,21
IES NÉSTOR ALMENDROS,Profesorado,694916,10,2,8,0,0,0,1,0,0
ESCOLA BUSQUETS I PUNSET,Primaria,327465,98,46,52,0,0,0,0,0,0
ESCOLA BUSQUETS I PUNSET,Secundaria,525113,0,0,0,0,0,0,0,0,0
ESCOLA BUSQUETS I PUNSET,Profesorado,967555,1,0,1,0,0,0,0,0,0
CEIP FLORENTINO BAYONA,Primaria,415778,0,0,0,0,0,0,0,0,0
CEIP FLORENTINO BAYONA,Secundaria,484359,0,0,0,0,0,0,0,0,0
CEIP FLORENTINO BAYONA,Profesorado,693681,0,0,0,0,0,0,0,0,0
IES LAS SALINAS,Primaria,313457,0,0,0,0,0,0,0,0,0
IES LAS SALINAS,Secundaria,252483,76,74,2,0,0,17,0,0,0
IES LAS SALINAS,Profesorado,298317,3,0,3,0,0,0,0,0,0
COLEGIO LA ANUNCIATA,Primaria,136672,91,87,4,0,0,0,0,6,0
COLEGIO LA ANUNCIATA,Secundaria,152516,123,83,40,0,0,0,0,0,0
COLEGIO LA ANUNCIATA,Profesorado,172441,1,1,0,0,0,0,0,1,0
CEIP ANTONIO VALDERRAMA,Primaria,918426,65,50,15,0,0,0,0,0,0
CEIP ANTONIO VALDERRAMA,Secundaria,617994,57,45,12,0,0,0,0,0,0
CEIP ANTONIO VALDERRAMA,Profesorado,876723,20,19,1,0,0,0,0,0,0
COLEGIO SAN FRANCISCO-ALMERÍA,Primaria,951793,26,20,6,0,0,20,6,0,0
COLEGIO SAN FRANCISCO-ALMERÍA,Secundaria,614951,0,0,0,0,0,0,0,0,0
COLEGIO SAN FRANCISCO-ALMERÍA,Profesorado,837574,0,0,0,0,0,0,0,0,0
CC KOSTKA,Primaria,194833,0,0,0,0,0,0,0,0,0
CC KOSTKA,Secundaria,964549,73,63,10,0,0,0,0,0,2
CC KOSTKA,Profesorado,811392,3,1,2,0,0,0,0,0,0
COLEGIO MARISTES ANNA RAVELL,Primaria,583815,50,46,4,0,0,0,1,14,0
COLEGIO MARISTES ANNA RAVELL,Secundaria,388229,256,193,63,0,0,11,9,130,40
COLEGIO MARISTES ANNA RAVELL,Profesorado,124368,0,0,0,0,0,0,0,0,0
CEIP SAN JOSÉ DE CALASANZ-LOS CORRALES,Primaria,912433,49,41,8,0,0,0,0,0,0
CEIP SAN JOSÉ DE CALASANZ-LOS CORRALES,Secundaria,225187,0,0,0,0,0,0,0,0,0
CEIP SAN JOSÉ DE CALASANZ-LOS CORRALES,Profesorado,442717,9,7,2,0,0,0,0,0,0
ESCOLA MARE DE DÉU DE L'ASSUMPTIÓ,Primaria,393772,83,56,27,0,0,0,4,35,16
ESCOLA MARE DE DÉU DE L'ASSUMPTIÓ,Secundaria,546572,473,370,103,0,0,1,-1,53,16
ESCOLA MARE DE DÉU DE L'ASSUMPTIÓ,Profesorado,489955,26,23,3,0,0,23,3,0,0
CEIP JUAN GRIS,Primaria,596188,127,105,22,0,0,21,3,19,4
CEIP JUAN GRIS,Secundaria,782782,0,0,0,0,0,0,0,0,0
CEIP JUAN GRIS,Profesorado,487361,11,5,6,0,0,0,0,0,0
LYCÈE INTERNATIONAL BARCELONA - BON SOLEIL,Primaria,333165,0,0,0,0,0,0,0,0,0
LYCÈE INTERNATIONAL BARCELONA - BON SOLEIL,Secundaria,282318,23,23,0,0,0,23,0,0,0
LYCÈE INTERNATIONAL BARCELONA - BON SOLEIL,Profesorado,336688,3,2,1,0,0,0,0,2,0
INSTITUT PERE MARTELL,Primaria,219977,0,0,0,0,0,0,0,0,0
INSTITUT PERE MARTELL,Secundaria,312381,20,14,6,0,0,14,6,0,0
INSTITUT PERE MARTELL,Profesorado,553916,0,0,0,0,0,0,0,0,0
COLEGIO HERMANAS URIZ PI,Primaria,491897,67,46,21,0,0,0,0,0,0
COLEGIO HERMANAS URIZ PI,Secundaria,755722,0,0,0,0,0,0,0,0,0
COLEGIO HERMANAS URIZ PI,Profesorado,832651,0,0,0,0,0,0,0,0,0
COLEGIO SAN AGUSTÍN SANTANDER,Primaria,497758,53,45,8,0,0,0,0,0,0
COLEGIO SAN AGUSTÍN SANTANDER,Secundaria,214917,120,103,17,0,0,0,0,0,1
COLEGIO SAN AGUSTÍN SANTANDER,Profesorado,967776,50,27,23,0,0,0,0,0,0
CPR Plurilingüe María Auxiliadora (SALESIANOS OURENSE),Primaria,957269,0,0,0,0,0,0,0,0,0
CPR Plurilingüe María Auxiliadora (SALESIANOS OURENSE),Secundaria,768959,0,0,0,0,0,0,0,0,0
CPR Plurilingüe María Auxiliadora (SALESIANOS OURENSE),Profesorado,132168,0,0,0,0,0,0,0,0,0
COLEGIO LA INMACULADA CARTAGENA,Primaria,567269,168,145,23,0,0,0,1,0,0
COLEGIO LA INMACULADA CARTAGENA,Secundaria,763548,158,132,26,0,0,0,0,61,1
COLEGIO LA INMACULADA CARTAGENA,Profesorado,473658,46,35,11,0,0,1,1,0,0
CEIP GRAN CAPITÁN,Primaria,437989,44,34,10,0,0,0,0,0,0
CEIP GRAN CAPITÁN,Secundaria,139692,0,0,0,0,0,0,0,0,0
CEIP GRAN CAPITÁN,Profesorado,165268,0,0,0,0,0,0,0,0,0
IESCOLA RUBIÓ I ORS,Primaria,444822,91,77,14,1,0,37,7,0,0
IESCOLA RUBIÓ I ORS,Secundaria,563199,0,0,0,0,0,0,0,0,0
IESCOLA RUBIÓ I ORS,Profesorado,524159,10,9,1,0,0,0,0,0,0
COLEGIO LA SALLE MANLLEU,Primaria,666335,0,0,0,0,0,0,0,0,0
COLEGIO LA SALLE MANLLEU,Secundaria,176888,414,332,82,0,1,23,7,75,8
COLEGIO LA SALLE MANLLEU,Profesorado,193868,2,0,2,0,0,0,0,0,0
COLEGIO NAVASCHOOL AÑORETA,Primaria,656519,0,0,0,0,0,0,0,0,0
COLEGIO NAVASCHOOL AÑORETA,Secundaria,979148,0,0,0,0,0,0,0,0,0
COLEGIO NAVASCHOOL AÑORETA,Profesorado,547845,0,0,0,0,0,0,0,0,0
CEIP JUAN XXIII,Primaria,962225,81,76,5,0,0,34,3,20,1
CEIP JUAN XXIII,Secundaria,778816,0,0,0,0,0,0,0,0,0
CEIP JUAN XXIII,Profesorado,181268,25,12,13,0,0,0,0,0,0
CPR Plurilingüe Sagrado Corazón de Jesús,Primaria,873822,70,67,3,0,0,0,0,1,-1
CPR Plurilingüe Sagrado Corazón de Jesús,Secundaria,561933,170,139,31,0,0,0,0,0,0
CPR Plurilingüe Sagrado Corazón de Jesús,Profesorado,881287,22,15,7,0,0,0,0,0,0
CEIP SUTEFÍE ZUFRE,Primaria,287876,16,14,2,0,0,0,0,0,0
CEIP SUTEFÍE ZUFRE,Secundaria,734485,7,6,1,0,0,0,0,0,0
CEIP SUTEFÍE ZUFRE,Profesorado,627797,0,0,0,0,0,0,0,0,0
COLEGIO JESUÏTES SARRIÀ - SANT IGNASI,Primaria,856888,48,39,9,0,0,39,9,0,0
COLEGIO JESUÏTES SARRIÀ - SANT IGNASI,Secundaria,686895,208,152,56,0,0,1,1,1,1
COLEGIO JESUÏTES SARRIÀ - SANT IGNASI,Profesorado,391479,5,2,3,0,0,1,2,1,0
IES BEASAIN BHI,Primaria,534776,0,0,0,0,0,0,0,0,0
IES BEASAIN BHI,Secundaria,835817,432,322,110,1,0,0,1,1,3
IES BEASAIN BHI,Profesorado,438774,0,0,0,0,0,0,0,0,0
COLEGIO HISPANIA CARTAGENA,Primaria,559877,0,0,0,0,0,0,0,0,0
COLEGIO HISPANIA CARTAGENA,Secundaria,676331,0,0,0,0,0,0,0,0,0
COLEGIO HISPANIA CARTAGENA,Profesorado,755732,0,0,0,0,0,0,0,0,0
COLEGIO SANTA MARÍA DEL PRADO (MARISTAS TALAVERA),Primaria,999457,92,82,10,0,0,0,0,61,9
COLEGIO SANTA MARÍA DEL PRADO (MARISTAS TALAVERA),Secundaria,366915,246,236,10,0,0,175,5,61,5
COLEGIO SANTA MARÍA DEL PRADO (MARISTAS TALAVERA),Profesorado,314122,0,0,0,0,0,0,0,0,0
CEIP DAMA DE GUARDAMAR,Primaria,582648,31,30,1,0,0,18,0,12,1
CEIP DAMA DE GUARDAMAR,Secundaria,769881,0,0,0,0,0,0,0,0,0
CEIP DAMA DE GUARDAMAR,Profesorado,423862,0,0,0,0,0,0,0,0,0
IES EL PARADOR,Primaria,576927,0,0,0,0,0,0,0,0,0
IES EL PARADOR,Secundaria,746762,438,355,83,0,0,0,0,4,0
IES EL PARADOR,Profesorado,634756,20,6,14,0,0,0,0,0,0
CPR FPE ARZOBISPO MORCILLO,Primaria,647895,0,0,0,0,0,0,0,0,0
CPR FPE ARZOBISPO MORCILLO,Secundaria,734398,0,0,0,0,0,0,0,0,0
CPR FPE ARZOBISPO MORCILLO,Profesorado,137749,2,2,0,0,0,2,0,0,0
COLEGIO SANTA MARÍA MARISTAS TUI,Primaria,182657,43,41,2,0,0,41,2,0,0
COLEGIO SANTA MARÍA MARISTAS TUI,Secundaria,794813,78,77,1,0,0,0,0,77,1
COLEGIO SANTA MARÍA MARISTAS TUI,Profesorado,394853,4,2,2,0,0,1,1,1,1
CEIP SANTA MARIA CORONADA,Primaria,199618,0,0,0,0,0,0,0,0,0
CEIP SANTA MARIA CORONADA,Secundaria,686666,0,0,0,0,0,0,0,0,0
CEIP SANTA MARIA CORONADA,Profesorado,847929,0,0,0,0,0,0,0,0,0
IES RÍAS DEL CARMEN,Primaria,472225,0,0,0,0,0,0,0,0,0
IES RÍAS DEL CARMEN,Secundaria,617157,10,10,0,0,0,0,0,0,0
IES RÍAS DEL CARMEN,Profesorado,642739,4,3,1,0,0,0,0,0,0
LICEO FRANCÉS MOLIERE ZARAGOZA,Primaria,344627,70,67,3,0,0,0,0,0,0
LICEO FRANCÉS MOLIERE ZARAGOZA,Secundaria,983153,83,73,10,0,0,22,2,0,1
LICEO FRANCÉS MOLIERE ZARAGOZA,Profesorado,544123,16,7,9,0,0,0,0,1,0
COLEGIO MARE DE DÉU DE LOURDES,Primaria,377763,0,0,0,0,0,0,0,0,0
COLEGIO MARE DE DÉU DE LOURDES,Secundaria,145145,0,0,0,0,0,0,0,0,0
COLEGIO MARE DE DÉU DE LOURDES,Profesorado,596769,0,0,0,0,0,0,0,0,0
CEIP VALPARAÍSO,Primaria,832764,77,75,2,0,0,0,0,0,0
CEIP VALPARAÍSO,Secundaria,887852,0,0,0,0,0,0,0,0,0
CEIP VALPARAÍSO,Profesorado,937133,11,7,4,0,0,0,0,0,0
COLEGIO CLARET LARRAONA,Primaria,878193,48,46,2,0,0,0,0,25,1
COLEGIO CLARET LARRAONA,Secundaria,982122,229,172,57,1,0,54,11,29,3
COLEGIO CLARET LARRAONA,Profesorado,431636,6,4,2,0,0,0,0,0,0
CDP ALMANZOR,Primaria,491211,58,38,20,0,0,38,20,0,0
CDP ALMANZOR,Secundaria,934982,109,103,6,0,0,0,0,0,1
CDP ALMANZOR,Profesorado,646589,3,0,3,0,0,0,0,0,0
ESCUELA MARE DE DÉU DE L'ASSUMPCIÓ,Primaria,477841,0,0,0,0,0,0,0,0,0
ESCUELA MARE DE DÉU DE L'ASSUMPCIÓ,Secundaria,336915,0,0,0,0,0,0,0,0,0
ESCUELA MARE DE DÉU DE L'ASSUMPCIÓ,Profesorado,656677,0,0,0,0,0,0,0,0,0
IES SAN ANDRÉS,Primaria,883651,0,0,0,0,0,0,0,0,0
IES SAN ANDRÉS,Secundaria,513288,48,46,2,0,0,46,2,0,0
IES SAN ANDRÉS,Profesorado,557626,15,11,4,2,1,8,3,1,0
COLEGIO SAN JOSÉ MENESIANOS NANCLARES,Primaria,947817,0,0,0,0,0,0,0,0,0
COLEGIO SAN JOSÉ MENESIANOS NANCLARES,Secundaria,139637,2,0,2,0,0,0,0,0,2
COLEGIO SAN JOSÉ MENESIANOS NANCLARES,Profesorado,412112,11,10,1,0,0,1,1,9,0
ESCOLA MIRET I SANS - ZER NARIEDA,Primaria,225799,18,15,3,0,0,0,0,0,0
ESCOLA MIRET I SANS - ZER NARIEDA,Secundaria,864584,1,0,1,0,0,0,0,0,0
ESCOLA MIRET I SANS - ZER NARIEDA,Profesorado,792277,1,0,1,0,0,0,0,0,0
IES JUAN CARLOS I,Primaria,793335,0,0,0,0,0,0,0,0,0
IES JUAN CARLOS I,Secundaria,572994,389,268,121,0,3,24,5,111,60
IES JUAN CARLOS I,Profesorado,148641,0,0,0,0,0,0,0,0,0
IES MATILDE CASANOVA,Primaria,265233,0,0,0,0,0,0,0,0,0
IES MATILDE CASANOVA,Secundaria,973636,146,124,22,0,0,16,3,26,11
IES MATILDE CASANOVA,Profesorado,883721,10,6,4,0,0,0,1,6,3
INSTITUT ELS PALLARESOS,Primaria,679735,0,0,0,0,0,0,0,0,0
INSTITUT ELS PALLARESOS,Secundaria,161832,109,86,23,0,1,17,12,46,6
INSTITUT ELS PALLARESOS,Profesorado,396247,34,9,25,0,0,1,1,0,0
COLEGIO VEDRUNA GRÀCIA BARCELONA,Primaria,392349,97,89,8,0,0,0,0,0,1
COLEGIO VEDRUNA GRÀCIA BARCELONA,Secundaria,846186,30,23,7,0,0,0,1,0,2
COLEGIO VEDRUNA GRÀCIA BARCELONA,Profesorado,573459,9,5,4,0,0,0,0,1,0
CEIP XENTIQUINA LIERES-SOLVAY,Primaria,191362,32,26,6,0,0,0,1,1,2
CEIP XENTIQUINA LIERES-SOLVAY,Secundaria,138119,0,0,0,0,0,0,0,0,0
CEIP XENTIQUINA LIERES-SOLVAY,Profesorado,783594,1,1,0,0,0,0,0,0,0
CPI MAESTRO MONREAL,Primaria,983256,0,0,0,0,0,0,0,0,0
CPI MAESTRO MONREAL,Secundaria,313882,0,0,0,0,0,0,0,0,0
CPI MAESTRO MONREAL,Profesorado,776685,0,0,0,0,0,0,0,0,0
IES SANTANYÍ,Primaria,328178,0,0,0,0,0,0,0,0,0
IES SANTANYÍ,Secundaria,623377,0,0,0,0,0,0,0,0,0
IES SANTANYÍ,Profesorado,834438,0,0,0,0,0,0,0,0,0
CEIP SAN JOSÉ DE CALASANZ (BAZA),Primaria,348647,43,34,9,0,1,34,8,0,0
CEIP SAN JOSÉ DE CALASANZ (BAZA),Secundaria,742581,0,0,0,0,0,0,0,0,0
CEIP SAN JOSÉ DE CALASANZ (BAZA),Profesorado,712829,2,2,0,0,0,2,0,0,0
IES ASTURES,Primaria,859513,0,0,0,0,0,0,0,0,0
IES ASTURES,Secundaria,768951,207,147,60,0,2,51,19,60,20
IES ASTURES,Profesorado,523696,21,13,8,0,0,1,0,1,0
IES BARRIO LORANCA FUENLABRADA,Primaria,555874,0,0,0,0,0,0,0,0,0
IES BARRIO LORANCA FUENLABRADA,Secundaria,369145,0,0,0,0,0,0,0,0,0
IES BARRIO LORANCA FUENLABRADA,Profesorado,355861,0,0,0,0,0,0,0,0,0
IES LEOPOLDO QUEIPO,Primaria,379185,0,0,0,0,0,0,0,0,0
IES LEOPOLDO QUEIPO,Secundaria,449465,0,0,0,0,0,0,0,0,0
IES LEOPOLDO QUEIPO,Profesorado,546189,0,0,0,0,0,0,0,0,0
ESCUELA IDEO,Primaria,618992,0,0,0,0,0,0,0,0,0
ESCUELA IDEO,Secundaria,773329,0,0,0,0,0,0,0,0,0
ESCUELA IDEO,Profesorado,766129,0,0,0,0,0,0,0,0,0
COLEGIO MARISTAS CHAMPAGNAT-SALAMANCA,Primaria,352248,0,0,0,0,0,0,0,0,0
COLEGIO MARISTAS CHAMPAGNAT-SALAMANCA,Secundaria,647344,0,0,0,0,0,0,0,0,0
COLEGIO MARISTAS CHAMPAGNAT-SALAMANCA,Profesorado,622593,0,0,0,0,0,0,0,0,0
AXULA LIZEOA,Primaria,951528,0,0,0,0,0,0,0,0,0
AXULA LIZEOA,Secundaria,863299,0,0,0,0,0,0,0,0,0
AXULA LIZEOA,Profesorado,557929,0,0,0,0,0,0,0,0,0
ESCOLA PIA DE SARRIÀ-CALASSANÇ,Primaria,913269,71,62,9,0,0,22,1,40,8
ESCOLA PIA DE SARRIÀ-CALASSANÇ,Secundaria,496172,1,0,1,0,0,0,0,0,1
ESCOLA PIA DE SARRIÀ-CALASSANÇ,Profesorado,625371,16,9,7,0,0,1,0,2,0
COLEGIO LA SALLE PALMA,Primaria,963316,0,0,0,0,0,0,0,0,0
COLEGIO LA SALLE PALMA,Secundaria,757333,1,0,1,0,1,0,0,0,0
COLEGIO LA SALLE PALMA,Profesorado,511384,0,0,0,0,0,0,0,0,0
CEIP LES ROTES,Primaria,998198,18,0,18,0,0,0,0,0,0
CEIP LES ROTES,Secundaria,768279,0,0,0,0,0,0,0,0,0
CEIP LES ROTES,Profesorado,823379,0,0,0,0,0,0,0,0,0
CEIP CERVANTES,Primaria,413442,0,0,0,0,0,0,0,0,0
CEIP CERVANTES,Secundaria,288814,0,0,0,0,0,0,0,0,0
CEIP CERVANTES,Profesorado,535175,0,0,0,0,0,0,0,0,0
COLEGIO GSD MORATALAZ,Primaria,132473,0,0,0,0,0,0,0,0,0
COLEGIO GSD MORATALAZ,Secundaria,852324,0,0,0,0,0,0,0,0,0
COLEGIO GSD MORATALAZ,Profesorado,493116,0,0,0,0,0,0,0,0,0
COLEGIO LA INMACULADA (MARISTAS),Primaria,863672,0,0,0,0,0,0,0,0,0
COLEGIO LA INMACULADA (MARISTAS),Secundaria,211227,0,0,0,0,0,0,0,0,0
COLEGIO LA INMACULADA (MARISTAS),Profesorado,214212,3,0,3,0,0,0,0,0,1
INSTITUT MING-MÓN,Primaria,454529,0,0,0,0,0,0,0,0,0
INSTITUT MING-MÓN,Secundaria,587218,0,0,0,0,0,0,0,0,0
INSTITUT MING-MÓN,Profesorado,236544,0,0,0,0,0,0,0,0,0
ES SAN BARTOLOMÉ COSSÍO,Primaria,949462,0,0,0,0,0,0,0,0,0
ES SAN BARTOLOMÉ COSSÍO,Secundaria,482814,15,12,3,0,0,12,3,0,0
ES SAN BARTOLOMÉ COSSÍO,Profesorado,312467,11,8,3,0,0,2,0,2,0
COLEGIO SALESIANOS PUERTOLLANO,Primaria,461295,0,0,0,0,0,0,0,0,0
COLEGIO SALESIANOS PUERTOLLANO,Secundaria,276919,0,0,0,0,0,0,0,0,0
COLEGIO SALESIANOS PUERTOLLANO,Profesorado,831734,24,16,8,0,1,2,2,14,5
IES SANTA MARÍA,Primaria,271345,0,0,0,0,0,0,0,0,0
IES SANTA MARÍA,Secundaria,826924,55,15,40,0,18,15,20,0,2
IES SANTA MARÍA,Profesorado,121118,0,0,0,0,0,0,0,0,0
IES FRANCISCO DAVIÑA REY,Primaria,563621,0,0,0,0,0,0,0,0,0
IES FRANCISCO DAVIÑA REY,Secundaria,284622,0,0,0,0,0,0,0,0,0
IES FRANCISCO DAVIÑA REY,Profesorado,776582,10,1,9,0,0,1,9,0,0
IES EL ALQUIÁN,Primaria,152628,0,0,0,0,0,0,0,0,0
IES EL ALQUIÁN,Secundaria,567454,1,0,1,0,0,0,0,0,0
IES EL ALQUIÁN,Profesorado,411154,0,0,0,0,0,0,0,0,0
COLEGIO NIÑO JESÚS DE PRAGA,Primaria,121829,0,0,0,0,0,0,0,,
COLEGIO NIÑO JESÚS DE PRAGA,Secundaria,879438,0,0,0,0,0,0,0,,
COLEGIO NIÑO JESÚS DE PRAGA,Profesorado,848455,0,0,0,0,0,0,0,,
ALKARTU IKASTOLA HLHI,Primaria,332675,0,0,0,0,0,0,0,,
ALKARTU IKASTOLA HLHI,Secundaria,281345,0,0,0,0,0,0,0,,
ALKARTU IKASTOLA HLHI,Profesorado,977377,1,0,1,0,0,0,1,,
CRA FRANCISCO IBÁÑEZ,Primaria,178947,12,11,1,0,0,11,1,,
CRA FRANCISCO IBÁÑEZ,Secundaria,919356,0,0,0,0,0,0,0,,
CRA FRANCISCO IBÁÑEZ,Profesorado,554492,3,2,1,0,0,2,1,,
COLEGIO SANTA MARÍA,Primaria,852714,0,0,0,0,0,0,0,,
COLEGIO SANTA MARÍA,Secundaria,918959,2,0,2,0,0,0,2,,
COLEGIO SANTA MARÍA,Profesorado,949544,0,0,0,0,0,0,0,,
IES MURALLA ROMANA,Primaria,134372,0,0,0,0,0,0,0,,
IES MURALLA ROMANA,Secundaria,928599,0,0,0,0,0,0,0,,
IES MURALLA ROMANA,Profesorado,774921,0,0,0,0,0,0,0,,
COLEGIO LA SALLE LA ESTRELLA,Primaria,928181,0,0,0,0,0,0,0,,
COLEGIO LA SALLE LA ESTRELLA,Secundaria,972985,2,0,2,0,0,0,2,,
COLEGIO LA SALLE LA ESTRELLA,Profesorado,858475,4,3,1,0,0,3,1,,
CEIP PABLO PICASSO,Primaria,536167,0,0,0,0,0,0,0,,
CEIP PABLO PICASSO,Secundaria,695242,0,0,0,0,0,0,0,,
CEIP PABLO PICASSO,Profesorado,183948,0,0,0,0,0,0,0,,
ES BAELO CLAUDIA,Primaria,411112,0,0,0,0,0,0,0,,
ES BAELO CLAUDIA,Secundaria,986776,0,0,0,0,0,0,0,,
ES BAELO CLAUDIA,Profesorado,365536,0,0,0,0,0,0,0,,
COLEGIO LA SALLE EL PILAR (ALFARO),Primaria,266684,0,0,0,0,0,0,0,,
COLEGIO LA SALLE EL PILAR (ALFARO),Secundaria,189776,0,0,0,0,0,0,0,,
COLEGIO LA SALLE EL PILAR (ALFARO),Profesorado,521136,2,2,0,1,0,1,0,,
IES LIZARDI BHI,Primaria,273942,0,0,0,0,0,0,0,,
IES LIZARDI BHI,Secundaria,293875,21,14,7,0,1,14,6,,
IES LIZARDI BHI,Profesorado,717949,26,2,24,0,0,2,24,,
ES Hermanos D'Elhuyar,Primaria,749399,0,0,0,0,0,,,,
ES Hermanos D'Elhuyar,Secundaria,318957,0,0,0,0,0,,,,
ES Hermanos D'Elhuyar,Profesorado,555451,0,0,0,0,0,,,,
CEIP LA CRUZ,Primaria,838595,0,0,0,0,0,,,,
CEIP LA CRUZ,Secundaria,937785,0,0,0,0,0,,,,
CEIP LA CRUZ,Profesorado,583593,0,0,0,0,0,,,,
FEP SANTA TERESA DE LISIEUX,Primaria,721175,0,0,0,0,0,,,,
FEP SANTA TERESA DE LISIEUX,Secundaria,955435,0,0,0,0,0,,,,
FEP SANTA TERESA DE LISIEUX,Profesorado,291138,0,0,0,0,0,,,,
COLEGIO DIOCESANO JUAN PABLO II,Primaria,765913,0,0,0,0,0,,,,
COLEGIO DIOCESANO JUAN PABLO II,Secundaria,831384,0,0,0,0,0,,,,
COLEGIO DIOCESANO JUAN PABLO II,Profesorado,682685,0,0,0,0,0,,,,
COLEGIO MARISTAS CHAMPAGNAT GUADALAJARA,Primaria,445615,0,0,0,0,0,,,,
COLEGIO MARISTAS CHAMPAGNAT GUADALAJARA,Secundaria,753216,0,0,0,0,0,,,,
COLEGIO MARISTAS CHAMPAGNAT GUADALAJARA,Profesorado,529173,0,0,0,0,0,,,,
